municipio_cod;municipio_fato;data_fato;mes;ano;risp;rmbh;tentado_consumado;qtde_vitimas
310090;AGUAS FORMOSAS;2023-10-28;10;2023;15;Interior de MG;TENTADO;1
310160;ALFENAS;2023-02-02;2;2023;18;Interior de MG;TENTADO;1
310190;ALPINOPOLIS;2023-10-29;10;2023;18;Interior de MG;TENTADO;1
310240;ALVORADA DE MINAS;2023-03-08;3;2023;14;Interior de MG;TENTADO;1
310350;ARAGUARI;2023-04-06;4;2023;9;Interior de MG;TENTADO;1
310350;ARAGUARI;2023-06-22;6;2023;9;Interior de MG;TENTADO;1
310350;ARAGUARI;2023-07-06;7;2023;9;Interior de MG;TENTADO;1
310350;ARAGUARI;2023-08-16;8;2023;9;Interior de MG;TENTADO;1
310400;ARAXA;2023-10-07;10;2023;5;Interior de MG;TENTADO;1
310560;BARBACENA;2023-06-15;6;2023;13;Interior de MG;TENTADO;1
310560;BARBACENA;2023-08-16;8;2023;13;Interior de MG;TENTADO;1
310620;BELO HORIZONTE;2023-01-01;1;2023;1;Belo Horizonte;TENTADO;1
310620;BELO HORIZONTE;2023-01-06;1;2023;1;Belo Horizonte;TENTADO;1
310620;BELO HORIZONTE;2023-01-14;1;2023;1;Belo Horizonte;TENTADO;1
310620;BELO HORIZONTE;2023-02-19;2;2023;1;Belo Horizonte;TENTADO;1
310620;BELO HORIZONTE;2023-02-23;2;2023;1;Belo Horizonte;TENTADO;2
310620;BELO HORIZONTE;2023-03-21;3;2023;1;Belo Horizonte;TENTADO;1
310620;BELO HORIZONTE;2023-04-02;4;2023;1;Belo Horizonte;TENTADO;1
310620;BELO HORIZONTE;2023-04-29;4;2023;1;Belo Horizonte;TENTADO;1
310620;BELO HORIZONTE;2023-05-15;5;2023;1;Belo Horizonte;TENTADO;1
310620;BELO HORIZONTE;2023-05-21;5;2023;1;Belo Horizonte;TENTADO;1
310620;BELO HORIZONTE;2023-06-08;6;2023;1;Belo Horizonte;TENTADO;2
310620;BELO HORIZONTE;2023-06-17;6;2023;1;Belo Horizonte;TENTADO;1
310620;BELO HORIZONTE;2023-07-30;7;2023;1;Belo Horizonte;TENTADO;1
310620;BELO HORIZONTE;2023-09-03;9;2023;1;Belo Horizonte;TENTADO;1
310620;BELO HORIZONTE;2023-09-05;9;2023;1;Belo Horizonte;TENTADO;1
310620;BELO HORIZONTE;2023-09-10;9;2023;1;Belo Horizonte;TENTADO;1
310620;BELO HORIZONTE;2023-09-22;9;2023;1;Belo Horizonte;TENTADO;1
310620;BELO HORIZONTE;2023-10-04;10;2023;1;Belo Horizonte;TENTADO;1
310620;BELO HORIZONTE;2023-10-26;10;2023;1;Belo Horizonte;TENTADO;1
310620;BELO HORIZONTE;2023-11-29;11;2023;1;Belo Horizonte;TENTADO;1
310620;BELO HORIZONTE;2023-12-08;12;2023;1;Belo Horizonte;TENTADO;1
310620;BELO HORIZONTE;2023-12-28;12;2023;1;Belo Horizonte;TENTADO;1
310670;BETIM;2023-02-12;2;2023;2;RMBH (Sem BH);TENTADO;1
310670;BETIM;2023-03-05;3;2023;2;RMBH (Sem BH);TENTADO;1
310670;BETIM;2023-06-21;6;2023;2;RMBH (Sem BH);TENTADO;1
310670;BETIM;2023-07-16;7;2023;2;RMBH (Sem BH);TENTADO;1
310670;BETIM;2023-09-16;9;2023;2;RMBH (Sem BH);TENTADO;1
310670;BETIM;2023-11-04;11;2023;2;RMBH (Sem BH);TENTADO;1
310670;BETIM;2023-11-12;11;2023;2;RMBH (Sem BH);TENTADO;1
310670;BETIM;2023-11-19;11;2023;2;RMBH (Sem BH);TENTADO;1
310670;BETIM;2023-12-12;12;2023;2;RMBH (Sem BH);TENTADO;1
310670;BETIM;2023-12-31;12;2023;2;RMBH (Sem BH);TENTADO;1
310940;BURITIZEIRO;2023-08-09;8;2023;14;Interior de MG;TENTADO;1
311020;CAJURI;2023-07-20;7;2023;4;Interior de MG;TENTADO;1
311070;CAMBUQUIRA;2023-01-25;1;2023;6;Interior de MG;TENTADO;1
311120;CAMPO BELO;2023-09-24;9;2023;6;Interior de MG;TENTADO;1
311230;CAPELINHA;2023-04-10;4;2023;14;Interior de MG;TENTADO;1
311340;CARATINGA;2023-01-12;1;2023;12;Interior de MG;TENTADO;1
311340;CARATINGA;2023-06-17;6;2023;12;Interior de MG;TENTADO;1
311570;CENTRAL DE MINAS;2023-01-01;1;2023;8;Interior de MG;TENTADO;1
311660;CLAUDIO;2023-09-30;9;2023;7;Interior de MG;TENTADO;1
311730;CONCEICAO DAS ALAGOAS;2023-10-23;10;2023;5;Interior de MG;TENTADO;1
311800;CONGONHAS;2023-05-30;5;2023;13;Interior de MG;TENTADO;1
311800;CONGONHAS;2023-11-03;11;2023;13;Interior de MG;TENTADO;1
311820;CONQUISTA;2023-03-12;3;2023;5;Interior de MG;TENTADO;1
311860;CONTAGEM;2023-02-25;2;2023;2;RMBH (Sem BH);TENTADO;1
311860;CONTAGEM;2023-06-30;6;2023;2;RMBH (Sem BH);TENTADO;1
311860;CONTAGEM;2023-07-22;7;2023;2;RMBH (Sem BH);TENTADO;1
311860;CONTAGEM;2023-10-09;10;2023;2;RMBH (Sem BH);TENTADO;1
311860;CONTAGEM;2023-10-14;10;2023;2;RMBH (Sem BH);TENTADO;1
311910;CORINTO;2023-09-10;9;2023;14;Interior de MG;TENTADO;1
311910;CORINTO;2023-10-15;10;2023;14;Interior de MG;TENTADO;1
311930;COROMANDEL;2023-06-23;6;2023;10;Interior de MG;TENTADO;1
312230;DIVINOPOLIS;2023-01-30;1;2023;7;Interior de MG;TENTADO;1
312245;DIVISOPOLIS;2023-08-11;8;2023;15;Interior de MG;TENTADO;1
312260;DOM JOAQUIM;2023-01-09;1;2023;14;Interior de MG;TENTADO;1
312410;ESMERALDAS;2023-12-24;12;2023;2;RMBH (Sem BH);TENTADO;1
312430;ESPINOSA;2023-06-23;6;2023;11;Interior de MG;TENTADO;1
312760;GOUVEIA;2023-02-22;2;2023;14;Interior de MG;TENTADO;1
312820;GUARACIABA;2023-10-07;10;2023;12;Interior de MG;TENTADO;1
312980;IBIRITE;2023-04-08;4;2023;2;RMBH (Sem BH);TENTADO;1
312980;IBIRITE;2023-04-26;4;2023;2;RMBH (Sem BH);TENTADO;1
312980;IBIRITE;2023-06-23;6;2023;2;RMBH (Sem BH);TENTADO;1
312980;IBIRITE;2023-11-24;11;2023;2;RMBH (Sem BH);TENTADO;1
312980;IBIRITE;2023-12-09;12;2023;2;RMBH (Sem BH);TENTADO;1
313020;IGARATINGA;2023-04-15;4;2023;7;Interior de MG;TENTADO;1
313130;IPATINGA;2023-02-26;2;2023;12;Interior de MG;TENTADO;1
313130;IPATINGA;2023-10-28;10;2023;12;Interior de MG;TENTADO;1
313190;ITABIRITO;2023-03-26;3;2023;3;Interior de MG;TENTADO;1
313190;ITABIRITO;2023-04-05;4;2023;3;Interior de MG;TENTADO;1
313240;ITAJUBA;2023-12-03;12;2023;17;Interior de MG;TENTADO;1
313440;ITURAMA;2023-08-28;8;2023;5;Interior de MG;TENTADO;1
313505;JAIBA;2023-08-02;8;2023;11;Interior de MG;TENTADO;1
313520;JANUARIA;2023-10-26;10;2023;11;Interior de MG;TENTADO;1
313670;JUIZ DE FORA;2023-03-08;3;2023;4;Interior de MG;TENTADO;1
313670;JUIZ DE FORA;2023-05-05;5;2023;4;Interior de MG;TENTADO;1
313670;JUIZ DE FORA;2023-06-26;6;2023;4;Interior de MG;TENTADO;1
313670;JUIZ DE FORA;2023-07-30;7;2023;4;Interior de MG;TENTADO;1
313670;JUIZ DE FORA;2023-10-11;10;2023;4;Interior de MG;TENTADO;1
313940;MANHUACU;2023-04-06;4;2023;12;Interior de MG;TENTADO;1
313950;MANHUMIRIM;2023-11-22;11;2023;12;Interior de MG;TENTADO;1
314140;MEDINA;2023-01-27;1;2023;15;Interior de MG;TENTADO;1
314220;MIRAI;2023-12-23;12;2023;4;Interior de MG;TENTADO;1
314330;MONTES CLAROS;2023-01-11;1;2023;11;Interior de MG;TENTADO;1
314330;MONTES CLAROS;2023-04-16;4;2023;11;Interior de MG;TENTADO;1
314330;MONTES CLAROS;2023-08-27;8;2023;11;Interior de MG;TENTADO;1
314390;MURIAE;2023-02-28;2;2023;4;Interior de MG;TENTADO;1
314390;MURIAE;2023-07-08;7;2023;4;Interior de MG;TENTADO;1
314390;MURIAE;2023-08-02;8;2023;4;Interior de MG;TENTADO;1
314520;NOVA SERRANA;2023-12-02;12;2023;7;Interior de MG;TENTADO;1
314610;OURO PRETO;2023-11-02;11;2023;3;Interior de MG;TENTADO;1
314655;PAI PEDRO;2023-01-14;1;2023;11;Interior de MG;TENTADO;1
314700;PARACATU;2023-09-06;9;2023;16;Interior de MG;TENTADO;1
314700;PARACATU;2023-09-16;9;2023;16;Interior de MG;TENTADO;1
314800;PATOS DE MINAS;2023-03-27;3;2023;10;Interior de MG;TENTADO;1
314800;PATOS DE MINAS;2023-05-21;5;2023;10;Interior de MG;TENTADO;1
314970;PERDIGAO;2023-08-09;8;2023;7;Interior de MG;TENTADO;1
315100;PIRANGUINHO;2023-04-26;4;2023;17;Interior de MG;TENTADO;1
315150;PIUMHI;2023-05-14;5;2023;18;Interior de MG;TENTADO;1
315210;PONTE NOVA;2023-06-17;6;2023;12;Interior de MG;TENTADO;1
315210;PONTE NOVA;2023-07-06;7;2023;12;Interior de MG;TENTADO;1
315460;RIBEIRAO DAS NEVES;2023-03-03;3;2023;2;RMBH (Sem BH);TENTADO;1
315460;RIBEIRAO DAS NEVES;2023-11-09;11;2023;2;RMBH (Sem BH);TENTADO;1
315490;RIO CASCA;2023-06-13;6;2023;12;Interior de MG;TENTADO;1
315540;RIO NOVO;2023-06-28;6;2023;4;Interior de MG;TENTADO;1
315670;SABARA;2023-05-11;5;2023;3;RMBH (Sem BH);TENTADO;1
315690;SACRAMENTO;2023-09-02;9;2023;5;Interior de MG;TENTADO;1
315820;SANTA MARIA DO SUACUI;2023-10-26;10;2023;8;Interior de MG;TENTADO;1
315990;SANTO ANTONIO DO AMPARO;2023-11-05;11;2023;6;Interior de MG;TENTADO;1
316210;SAO GOTARDO;2023-08-13;8;2023;10;Interior de MG;TENTADO;1
316210;SAO GOTARDO;2023-09-24;9;2023;10;Interior de MG;TENTADO;1
316250;SAO JOAO DEL REI;2023-07-02;7;2023;13;Interior de MG;TENTADO;1
316250;SAO JOAO DEL REI;2023-12-10;12;2023;13;Interior de MG;TENTADO;1
316290;SAO JOAO NEPOMUCENO;2023-11-20;11;2023;4;Interior de MG;TENTADO;1
316720;SETE LAGOAS;2023-03-01;3;2023;19;Interior de MG;TENTADO;1
316720;SETE LAGOAS;2023-08-31;8;2023;19;Interior de MG;TENTADO;1
316870;TIMOTEO;2023-01-08;1;2023;12;Interior de MG;TENTADO;1
316990;UBA;2023-07-28;7;2023;4;Interior de MG;TENTADO;1
317010;UBERABA;2023-08-27;8;2023;5;Interior de MG;TENTADO;1
317010;UBERABA;2023-09-23;9;2023;5;Interior de MG;TENTADO;1
317010;UBERABA;2023-11-06;11;2023;5;Interior de MG;TENTADO;1
317020;UBERLANDIA;2023-01-21;1;2023;9;Interior de MG;TENTADO;1
317020;UBERLANDIA;2023-04-30;4;2023;9;Interior de MG;TENTADO;1
317020;UBERLANDIA;2023-07-16;7;2023;9;Interior de MG;TENTADO;1
317020;UBERLANDIA;2023-08-01;8;2023;9;Interior de MG;TENTADO;1
317020;UBERLANDIA;2023-09-24;9;2023;9;Interior de MG;TENTADO;1
317020;UBERLANDIA;2023-09-29;9;2023;9;Interior de MG;TENTADO;1
317020;UBERLANDIA;2023-10-03;10;2023;9;Interior de MG;TENTADO;1
317020;UBERLANDIA;2023-11-19;11;2023;9;Interior de MG;TENTADO;1
317020;UBERLANDIA;2023-12-22;12;2023;9;Interior de MG;TENTADO;1
317040;UNAI;2023-01-29;1;2023;16;Interior de MG;TENTADO;1
317040;UNAI;2023-05-19;5;2023;16;Interior de MG;TENTADO;1
317040;UNAI;2023-08-11;8;2023;16;Interior de MG;TENTADO;1
317040;UNAI;2023-10-05;10;2023;16;Interior de MG;TENTADO;1
317130;VICOSA;2023-03-03;3;2023;4;Interior de MG;TENTADO;1
315140;PITANGUI;2023-03-18;3;2023;7;Interior de MG;TENTADO;1
315140;PITANGUI;2023-03-22;3;2023;7;Interior de MG;TENTADO;1
315140;PITANGUI;2023-04-02;4;2023;7;Interior de MG;TENTADO;1
314030;MARLIERIA;2023-05-06;5;2023;12;Interior de MG;TENTADO;1
312860;GUARDA-MOR;2023-07-14;7;2023;16;Interior de MG;TENTADO;1
315220;PORTEIRINHA;2023-07-29;7;2023;11;Interior de MG;TENTADO;1
310850;BOTUMIRIM;2023-07-23;7;2023;11;Interior de MG;TENTADO;1
311280;CAPITOLIO;2023-08-12;8;2023;18;Interior de MG;TENTADO;1
311600;CHALE;2023-09-14;9;2023;12;Interior de MG;TENTADO;1
311410;CARMO DE MINAS;2023-09-17;9;2023;17;Interior de MG;TENTADO;1
311400;CARMO DA MATA;2023-09-23;9;2023;6;Interior de MG;TENTADO;1
310550;BARAO DO MONTE ALTO;2023-10-03;10;2023;4;Interior de MG;TENTADO;1
312690;FREI INOCENCIO;2023-10-15;10;2023;8;Interior de MG;TENTADO;1
312590;FERROS;2023-10-19;10;2023;12;Interior de MG;TENTADO;1
310925;BUGRE;2023-10-25;10;2023;12;Interior de MG;TENTADO;1
315020;PIEDADE DE PONTE NOVA;2023-11-22;11;2023;12;Interior de MG;TENTADO;1
316430;SAO ROQUE DE MINAS;2023-12-14;12;2023;18;Interior de MG;TENTADO;1
312570;FELIXLANDIA;2023-12-17;12;2023;14;Interior de MG;TENTADO;1
310210;ALTO RIO DOCE;2023-12-26;12;2023;13;Interior de MG;TENTADO;1
314290;MONTE AZUL;2023-12-26;12;2023;11;Interior de MG;TENTADO;1
310110;AIMORES;2023-08-27;8;2023;8;Interior de MG;CONSUMADO;1
310160;ALFENAS;2023-05-06;5;2023;18;Interior de MG;CONSUMADO;1
310160;ALFENAS;2023-08-02;8;2023;18;Interior de MG;CONSUMADO;1
310350;ARAGUARI;2023-01-02;1;2023;9;Interior de MG;CONSUMADO;1
310350;ARAGUARI;2023-05-05;5;2023;9;Interior de MG;CONSUMADO;1
310420;ARCOS;2023-06-14;6;2023;7;Interior de MG;CONSUMADO;1
310560;BARBACENA;2023-07-16;7;2023;13;Interior de MG;CONSUMADO;1
310620;BELO HORIZONTE;2023-02-11;2;2023;1;Belo Horizonte;CONSUMADO;1
310620;BELO HORIZONTE;2023-03-11;3;2023;1;Belo Horizonte;CONSUMADO;1
310620;BELO HORIZONTE;2023-03-15;3;2023;1;Belo Horizonte;CONSUMADO;2
310620;BELO HORIZONTE;2023-03-02;3;2023;1;Belo Horizonte;CONSUMADO;1
310620;BELO HORIZONTE;2023-04-29;4;2023;1;Belo Horizonte;CONSUMADO;1
310620;BELO HORIZONTE;2023-05-22;5;2023;1;Belo Horizonte;CONSUMADO;1
310620;BELO HORIZONTE;2023-06-04;6;2023;1;Belo Horizonte;CONSUMADO;1
310620;BELO HORIZONTE;2023-08-26;8;2023;1;Belo Horizonte;CONSUMADO;1
310620;BELO HORIZONTE;2023-09-22;9;2023;1;Belo Horizonte;CONSUMADO;1
310620;BELO HORIZONTE;2023-09-21;9;2023;1;Belo Horizonte;CONSUMADO;1
310620;BELO HORIZONTE;2023-11-15;11;2023;1;Belo Horizonte;CONSUMADO;1
310620;BELO HORIZONTE;2023-12-06;12;2023;1;Belo Horizonte;CONSUMADO;1
310620;BELO HORIZONTE;2023-12-18;12;2023;1;Belo Horizonte;CONSUMADO;1
310620;BELO HORIZONTE;2023-02-09;2;2023;1;Belo Horizonte;CONSUMADO;1
310670;BETIM;2023-02-25;2;2023;2;RMBH (Sem BH);CONSUMADO;1
310670;BETIM;2023-02-21;2;2023;2;RMBH (Sem BH);CONSUMADO;1
310670;BETIM;2023-05-23;5;2023;2;RMBH (Sem BH);CONSUMADO;1
310670;BETIM;2023-06-11;6;2023;2;RMBH (Sem BH);CONSUMADO;1
310670;BETIM;2023-09-16;9;2023;2;RMBH (Sem BH);CONSUMADO;1
310690;BICAS;2023-01-15;1;2023;4;Interior de MG;CONSUMADO;1
310730;BOCAIUVA;2023-09-26;9;2023;11;Interior de MG;CONSUMADO;1
310780;BOM JESUS DO GALHO;2023-06-24;6;2023;12;Interior de MG;CONSUMADO;1
311230;CAPELINHA;2023-11-30;11;2023;14;Interior de MG;CONSUMADO;1
311340;CARATINGA;2023-05-09;5;2023;12;Interior de MG;CONSUMADO;2
311530;CATAGUASES;2023-07-24;7;2023;4;Interior de MG;CONSUMADO;1
311830;CONSELHEIRO LAFAIETE;2023-04-15;4;2023;13;Interior de MG;CONSUMADO;1
311830;CONSELHEIRO LAFAIETE;2023-11-03;11;2023;13;Interior de MG;CONSUMADO;1
311860;CONTAGEM;2023-01-07;1;2023;2;RMBH (Sem BH);CONSUMADO;1
311860;CONTAGEM;2023-02-02;2;2023;2;RMBH (Sem BH);CONSUMADO;1
311860;CONTAGEM;2023-04-14;4;2023;2;RMBH (Sem BH);CONSUMADO;1
311860;CONTAGEM;2023-04-29;4;2023;2;RMBH (Sem BH);CONSUMADO;1
311860;CONTAGEM;2023-06-01;6;2023;2;RMBH (Sem BH);CONSUMADO;1
311930;COROMANDEL;2023-01-08;1;2023;10;Interior de MG;CONSUMADO;1
311995;CORREGO FUNDO;2023-07-27;7;2023;7;Interior de MG;CONSUMADO;1
312245;DIVISOPOLIS;2023-01-01;1;2023;15;Interior de MG;CONSUMADO;1
312430;ESPINOSA;2023-01-21;1;2023;11;Interior de MG;CONSUMADO;1
312510;EXTREMA;2023-10-16;10;2023;17;Interior de MG;CONSUMADO;1
312710;FRUTAL;2023-07-02;7;2023;5;Interior de MG;CONSUMADO;1
312770;GOVERNADOR VALADARES;2023-06-01;6;2023;8;Interior de MG;CONSUMADO;1
312770;GOVERNADOR VALADARES;2023-10-15;10;2023;8;Interior de MG;CONSUMADO;1
312980;IBIRITE;2023-01-27;1;2023;2;RMBH (Sem BH);CONSUMADO;1
313010;IGARAPE;2023-01-15;1;2023;2;RMBH (Sem BH);CONSUMADO;1
313130;IPATINGA;2023-03-16;3;2023;12;Interior de MG;CONSUMADO;1
313130;IPATINGA;2023-04-28;4;2023;12;Interior de MG;CONSUMADO;1
313130;IPATINGA;2023-05-04;5;2023;12;Interior de MG;CONSUMADO;1
313180;ITABIRINHA;2023-06-11;6;2023;8;Interior de MG;CONSUMADO;1
313240;ITAJUBA;2023-04-01;4;2023;17;Interior de MG;CONSUMADO;1
313240;ITAJUBA;2023-11-19;11;2023;17;Interior de MG;CONSUMADO;1
313250;ITAMARANDIBA;2023-03-05;3;2023;14;Interior de MG;CONSUMADO;1
313420;ITUIUTABA;2023-03-26;3;2023;9;Interior de MG;CONSUMADO;1
313440;ITURAMA;2023-01-21;1;2023;5;Interior de MG;CONSUMADO;1
313460;JABOTICATUBAS;2023-10-22;10;2023;3;RMBH (Sem BH);CONSUMADO;1
313470;JACINTO;2023-12-02;12;2023;15;Interior de MG;CONSUMADO;1
313505;JAIBA;2023-08-17;8;2023;11;Interior de MG;CONSUMADO;1
313550;JEQUERI;2023-01-15;1;2023;12;Interior de MG;CONSUMADO;1
313620;JOAO MONLEVADE;2023-05-18;5;2023;12;Interior de MG;CONSUMADO;1
313630;JOAO PINHEIRO;2023-09-17;9;2023;16;Interior de MG;CONSUMADO;1
313670;JUIZ DE FORA;2023-02-26;2;2023;4;Interior de MG;CONSUMADO;1
313670;JUIZ DE FORA;2023-09-08;9;2023;4;Interior de MG;CONSUMADO;1
313720;LAGOA DA PRATA;2023-08-13;8;2023;7;Interior de MG;CONSUMADO;1
313720;LAGOA DA PRATA;2023-11-05;11;2023;7;Interior de MG;CONSUMADO;1
313760;LAGOA SANTA;2023-07-13;7;2023;3;RMBH (Sem BH);CONSUMADO;1
313820;LAVRAS;2023-08-01;8;2023;6;Interior de MG;CONSUMADO;1
314110;MATOZINHOS;2023-02-02;2;2023;19;RMBH (Sem BH);CONSUMADO;1
314160;MERCES;2023-08-04;8;2023;4;Interior de MG;CONSUMADO;1
314280;MONTE ALEGRE DE MINAS;2023-01-09;1;2023;9;Interior de MG;CONSUMADO;1
314290;MONTE AZUL;2023-10-19;10;2023;11;Interior de MG;CONSUMADO;1
314310;MONTE CARMELO;2023-08-19;8;2023;10;Interior de MG;CONSUMADO;1
314320;MONTE SANTO DE MINAS;2023-01-12;1;2023;18;Interior de MG;CONSUMADO;1
314330;MONTES CLAROS;2023-07-30;7;2023;11;Interior de MG;CONSUMADO;1
314330;MONTES CLAROS;2023-08-14;8;2023;11;Interior de MG;CONSUMADO;1
314330;MONTES CLAROS;2023-11-04;11;2023;11;Interior de MG;CONSUMADO;1
314390;MURIAE;2023-04-04;4;2023;4;Interior de MG;CONSUMADO;1
314480;NOVA LIMA;2023-12-08;12;2023;3;RMBH (Sem BH);CONSUMADO;1
314600;OURO FINO;2023-04-05;4;2023;17;Interior de MG;CONSUMADO;1
314610;OURO PRETO;2023-02-14;2;2023;3;Interior de MG;CONSUMADO;1
314610;OURO PRETO;2023-08-21;8;2023;3;Interior de MG;CONSUMADO;1
314610;OURO PRETO;2023-08-28;8;2023;3;Interior de MG;CONSUMADO;1
314630;PADRE PARAISO;2023-03-18;3;2023;15;Interior de MG;CONSUMADO;1
314700;PARACATU;2023-04-22;4;2023;16;Interior de MG;CONSUMADO;1
314700;PARACATU;2023-04-01;4;2023;16;Interior de MG;CONSUMADO;1
314700;PARACATU;2023-05-26;5;2023;16;Interior de MG;CONSUMADO;1
314700;PARACATU;2023-05-20;5;2023;16;Interior de MG;CONSUMADO;1
314710;PARA DE MINAS;2023-10-23;10;2023;7;Interior de MG;CONSUMADO;1
314740;PARAOPEBA;2023-03-26;3;2023;19;Interior de MG;CONSUMADO;1
314790;PASSOS;2023-08-11;8;2023;18;Interior de MG;CONSUMADO;1
314860;PECANHA;2023-10-20;10;2023;8;Interior de MG;CONSUMADO;1
315057;PINTOPOLIS;2023-12-20;12;2023;11;Interior de MG;CONSUMADO;1
315180;POCOS DE CALDAS;2023-01-02;1;2023;18;Interior de MG;CONSUMADO;1
315180;POCOS DE CALDAS;2023-11-09;11;2023;18;Interior de MG;CONSUMADO;1
315200;POMPEU;2023-11-11;11;2023;7;Interior de MG;CONSUMADO;1
315220;PORTEIRINHA;2023-07-22;7;2023;11;Interior de MG;CONSUMADO;1
315250;POUSO ALEGRE;2023-12-22;12;2023;17;Interior de MG;CONSUMADO;1
315280;PRATA;2023-10-12;10;2023;9;Interior de MG;CONSUMADO;1
315340;PRESIDENTE OLEGARIO;2023-08-08;8;2023;10;Interior de MG;CONSUMADO;1
315460;RIBEIRAO DAS NEVES;2023-01-12;1;2023;2;RMBH (Sem BH);CONSUMADO;1
315460;RIBEIRAO DAS NEVES;2023-06-15;6;2023;2;RMBH (Sem BH);CONSUMADO;1
315780;SANTA LUZIA;2023-11-27;11;2023;3;RMBH (Sem BH);CONSUMADO;1
315895;SANTANA DO PARAISO;2023-04-07;4;2023;12;Interior de MG;CONSUMADO;1
316250;SAO JOAO DEL REI;2023-03-27;3;2023;13;Interior de MG;CONSUMADO;1
316292;SAO JOAQUIM DE BICAS;2023-09-22;9;2023;2;RMBH (Sem BH);CONSUMADO;1
316370;SAO LOURENCO;2023-10-20;10;2023;17;Interior de MG;CONSUMADO;1
316750;SIMAO PEREIRA;2023-08-04;8;2023;4;Interior de MG;CONSUMADO;1
316860;TEOFILO OTONI;2023-08-31;8;2023;15;Interior de MG;CONSUMADO;1
316860;TEOFILO OTONI;2023-10-04;10;2023;15;Interior de MG;CONSUMADO;1
316870;TIMOTEO;2023-07-01;7;2023;12;Interior de MG;CONSUMADO;1
316870;TIMOTEO;2023-11-01;11;2023;12;Interior de MG;CONSUMADO;1
316940;TRES PONTAS;2023-02-08;2;2023;6;Interior de MG;CONSUMADO;1
317000;UBAI;2023-12-05;12;2023;11;Interior de MG;CONSUMADO;1
317010;UBERABA;2023-04-01;4;2023;5;Interior de MG;CONSUMADO;1
317010;UBERABA;2023-05-10;5;2023;5;Interior de MG;CONSUMADO;1
317010;UBERABA;2023-08-28;8;2023;5;Interior de MG;CONSUMADO;1
317010;UBERABA;2023-11-29;11;2023;5;Interior de MG;CONSUMADO;1
317020;UBERLANDIA;2023-02-16;2;2023;9;Interior de MG;CONSUMADO;1
317020;UBERLANDIA;2023-05-06;5;2023;9;Interior de MG;CONSUMADO;1
317020;UBERLANDIA;2023-07-14;7;2023;9;Interior de MG;CONSUMADO;1
317020;UBERLANDIA;2023-09-02;9;2023;9;Interior de MG;CONSUMADO;1
317040;UNAI;2023-01-29;1;2023;16;Interior de MG;CONSUMADO;1
317040;UNAI;2023-06-04;6;2023;16;Interior de MG;CONSUMADO;1
317200;VISCONDE DO RIO BRANCO;2023-09-09;9;2023;4;Interior de MG;CONSUMADO;1
311570;CENTRAL DE MINAS;2023-01-15;1;2023;8;Interior de MG;CONSUMADO;1
315950;SANTA RITA DO ITUETO;2023-02-06;2;2023;8;Interior de MG;CONSUMADO;1
314930;PEDRO LEOPOLDO;2023-02-07;2;2023;19;RMBH (Sem BH);CONSUMADO;1
314930;PEDRO LEOPOLDO;2023-07-28;7;2023;19;RMBH (Sem BH);CONSUMADO;1
314465;NINHEIRA;2023-02-20;2;2023;11;Interior de MG;CONSUMADO;1
313690;JURUAIA;2023-02-25;2;2023;18;Interior de MG;CONSUMADO;1
312160;DIAMANTINA;2023-03-06;3;2023;14;Interior de MG;CONSUMADO;1
310720;BOCAINA DE MINAS;2023-03-15;3;2023;17;Interior de MG;CONSUMADO;1
314530;NOVO CRUZEIRO;2023-03-16;3;2023;15;Interior de MG;CONSUMADO;1
314530;NOVO CRUZEIRO;2023-09-10;9;2023;15;Interior de MG;CONSUMADO;2
310180;ALPERCATA;2023-03-20;3;2023;8;Interior de MG;CONSUMADO;1
311940;CORONEL FABRICIANO;2023-03-26;3;2023;12;Interior de MG;CONSUMADO;1
315725;SANTA BARBARA DO LESTE;2023-02-27;2;2023;12;Interior de MG;CONSUMADO;1
311260;CAPINOPOLIS;2023-04-26;4;2023;9;Interior de MG;CONSUMADO;1
310260;ANDRADAS;2023-05-06;5;2023;18;Interior de MG;CONSUMADO;1
311550;CAXAMBU;2023-05-06;5;2023;17;Interior de MG;CONSUMADO;1
312240;DIVISA NOVA;2023-05-07;5;2023;18;Interior de MG;CONSUMADO;1
315890;SANTANA DO MANHUACU;2023-05-11;5;2023;12;Interior de MG;CONSUMADO;1
310040;ACAIACA;2023-05-25;5;2023;12;Interior de MG;CONSUMADO;1
314170;MESQUITA;2023-05-25;5;2023;12;Interior de MG;CONSUMADO;1
312900;GUIRICEMA;2023-06-11;6;2023;4;Interior de MG;CONSUMADO;1
316710;SERRO;2023-08-11;8;2023;14;Interior de MG;CONSUMADO;1
310320;ARACAI;2023-05-14;5;2023;19;Interior de MG;CONSUMADO;1
310930;BURITIS;2023-07-14;7;2023;16;Interior de MG;CONSUMADO;1
316760;SIMONESIA;2023-08-01;8;2023;12;Interior de MG;CONSUMADO;2
315765;SANTA HELENA DE MINAS;2023-08-26;8;2023;15;Interior de MG;CONSUMADO;1
310760;BOM JESUS DA PENHA;2023-08-17;8;2023;18;Interior de MG;CONSUMADO;1
314460;NEPOMUCENO;2023-08-11;8;2023;6;Interior de MG;CONSUMADO;1
310470;ATALEIA;2023-08-27;8;2023;15;Interior de MG;CONSUMADO;2
315910;SANTANA DOS MONTES;2023-09-15;9;2023;13;Interior de MG;CONSUMADO;1
311450;CARMOPOLIS DE MINAS;2023-09-29;9;2023;6;Interior de MG;CONSUMADO;1
316170;SAO GONCALO DO ABAETE;2023-09-29;9;2023;10;Interior de MG;CONSUMADO;1
311400;CARMO DA MATA;2023-09-23;9;2023;6;Interior de MG;CONSUMADO;1
315150;PIUMHI;2023-10-20;10;2023;18;Interior de MG;CONSUMADO;1
315790;SANTA MARGARIDA;2023-10-28;10;2023;12;Interior de MG;CONSUMADO;1
313610;JOANESIA;2023-11-02;11;2023;12;Interior de MG;CONSUMADO;1
311000;CAETE;2023-11-05;11;2023;3;RMBH (Sem BH);CONSUMADO;1
311000;CAETE;2023-12-24;12;2023;3;RMBH (Sem BH);CONSUMADO;1
311000;CAETE;2023-12-31;12;2023;3;RMBH (Sem BH);CONSUMADO;1
313350;ITAPECERICA;2023-11-12;11;2023;7;Interior de MG;CONSUMADO;1
312870;GUAXUPE;2023-11-13;11;2023;18;Interior de MG;CONSUMADO;1
316160;SAO GERALDO DA PIEDADE;2023-11-24;11;2023;8;Interior de MG;CONSUMADO;1
312180;DIONISIO;2023-11-24;11;2023;12;Interior de MG;CONSUMADO;1
312860;GUARDA-MOR;2023-11-27;11;2023;16;Interior de MG;CONSUMADO;1
314220;MIRAI;2023-12-23;12;2023;4;Interior de MG;CONSUMADO;1
315680;SABINOPOLIS;2023-12-24;12;2023;8;Interior de MG;CONSUMADO;1
315520;RIO ESPERA;2023-12-28;12;2023;13;Interior de MG;CONSUMADO;1
311840;CONSELHEIRO PENA;2023-12-29;12;2023;8;Interior de MG;CONSUMADO;1
316110;SAO FRANCISCO;2023-12-13;12;2023;11;Interior de MG;CONSUMADO;1
311370;CARLOS CHAGAS;2023-07-30;7;2023;15;Interior de MG;CONSUMADO;1
316935;TRES MARIAS;2023-09-24;9;2023;14;Interior de MG;CONSUMADO;1
314870;PEDRA AZUL;2023-12-19;12;2023;15;Interior de MG;CONSUMADO;1
312170;DIOGO DE VASCONCELOS;2023-05-14;5;2023;3;Interior de MG;CONSUMADO;1
316570;SENADOR FIRMINO;2023-09-20;9;2023;4;Interior de MG;CONSUMADO;1
